TargetParams,NumLayers,HiddenLayers,ParamsActual,PropertyNames,R2_mean_all,R2_std_all,MSE_global_scaled_mean,MSE_global_scaled_std,MSE_global_original_mean,MSE_global_original_std,Time_mean,Time_std
2500,1,[27],2500,"['μ (D)', 'α (a0^3)', 'ε_HOMO (Ha)', 'ε_LUMO (Ha)', 'ε_gap (Ha)', '<r^2> (a0^2)', 'zpve (Ha)', 'U0 (Ha)', 'U (Ha)', 'H (Ha)', 'G (Ha)', 'Cv (cal/molK)']","[0.4032227098941803, 0.7254702746868134, 0.39223790168762207, 0.7200215756893158, 0.5761064291000366, 0.33467525243759155, 0.8374813795089722, 0.4111641049385071, 0.3750525414943695, 0.36548441648483276, 0.41882607340812683, 0.6664349734783173]","[0.01361796259880066, 0.011722952127456665, 0.06226050853729248, 0.00409737229347229, 0.0014317035675048828, 0.015304863452911377, 0.04145759344100952, 0.06276094913482666, 0.018542319536209106, 0.05122119188308716, 0.03602316975593567, 0.07310059666633606]",0.004112766589969397,7.401825860142708e-05,3712.989501953125,94.952392578125,1.2509527206420898,0.04894447326660156
2500,2,"[22, 22]",2500,"['μ (D)', 'α (a0^3)', 'ε_HOMO (Ha)', 'ε_LUMO (Ha)', 'ε_gap (Ha)', '<r^2> (a0^2)', 'zpve (Ha)', 'U0 (Ha)', 'U (Ha)', 'H (Ha)', 'G (Ha)', 'Cv (cal/molK)']","[0.2438708245754242, 0.6689611077308655, 0.3261480927467346, 0.7051891386508942, 0.5427514612674713, 0.285569429397583, 0.8016376793384552, 0.36717143654823303, 0.3850446343421936, 0.3877367675304413, 0.365233451128006, 0.5734517872333527]","[0.046522289514541626, 0.003879368305206299, 0.006592869758605957, 0.01951614022254944, 0.08532890677452087, 0.07540470361709595, 0.03141018748283386, 0.01894131302833557, 0.044674575328826904, 0.0017552077770233154, 0.03667065501213074, 0.0005448758602142334]",0.0045428043231368065,9.33394767343998e-05,3972.6484375,376.8173828125,1.3132500648498535,0.08281826972961426
