{"loss": [0.015824638307094574, 0.003217022167518735, 0.002388837980106473, 0.0017843109089881182, 0.0014108206378296018, 0.0012502775061875582, 0.001217138604260981, 0.001205415464937687, 0.0011985334567725658, 0.0011969811748713255, 0.001203745836392045], "mse": [0.015824638307094574, 0.003217022167518735, 0.002388837980106473, 0.0017843109089881182, 0.0014108206378296018, 0.0012502775061875582, 0.001217138604260981, 0.001205415464937687, 0.0011985334567725658, 0.0011969811748713255, 0.001203745836392045], "val_loss": [0.0038448937702924013, 0.0027898529078811407, 0.00202343612909317, 0.0015432520303875208, 0.0013361923629418015, 0.0012239045463502407, 0.0011788895353674889, 0.0011934511130675673, 0.00119581981562078, 0.0011924211867153645, 0.0011884932173416018], "val_mse": [0.0038448937702924013, 0.0027898529078811407, 0.00202343612909317, 0.0015432520303875208, 0.0013361923629418015, 0.0012239045463502407, 0.0011788895353674889, 0.0011934511130675673, 0.00119581981562078, 0.0011924211867153645, 0.0011884932173416018]}